,Reference,Genes,Forward Primer,Reverse Primer,Probe Sequencea
0,Corman et al. (2020),RdRP,GTGARATGGTCATGTGTGGCGG,CARATGTTAAASACACTATTAGCATA,CAGGTGGAACCTCATCAGGAGATGC
1,,E,ACAGGTACGTTAATAGTTAATAGCGT,ATATTGCAGCAGTACGCACACA,ACACTAGCCATCCTTACTGCGCTTCG
2,,N,CACATTGGCACCCGCAATC,GAGGAACGAGAAGAGGCTTG,ACTTCCTCAAGGAACAACATTGCCA
3,Rao et al. (2020),ORF1ab,CCCTGTGGGTTTTACACTTAA,ACGATTGTGCATCAGCTGA,CCGTCTGCG/ZEN/
4,,,,,GTATGTGGAAAGGTTATGG
5,,N,GGGGAACTTCTCCTGCTAGAAT,CAGACATTTTGCTCTCAAGCTG,TTGCTGCTGCTTGACAGATT
6,U.S. Centers for Disease Control,RdRP,AGATTTGGACCTGCGAGCG,GAGCGGCTGTCTCCACAAGT,TTCTGACCTGAAGGCTCTGCGCG
7,and Prevention (2020),N1,GACCCCAAAATCAGCGAAAT,TCTGGTTACTGCCAGTTGAATCTG,ACCCCGCAT/ZEN/TACGTTTGGTGGACC
8,,N2,TTACAAACATTGGCGCAAA,GCGCGACATTCCGAAGAA,ACAATTTGCCCCCAGCGCTTCAG
9,,N3,GGGAGCCTTGAATACACCAAAA,TGTAGCACGATTGCAGCATTG,AYCACATTGGCACCCGCAATCCTG
10,Chu et al. (2020),ORF1b,TGGGGYTTTACRGGTAACCT,AACRCGCTTAACAAAGCACTC,TAGTTGTGATGCWATCATGACTAG
11,,N,TAATCAGACAAGGAACTGATTA,CGAAGGTGTGACTTCCATG,GCAAATTGTGCAATTTGCGG
12,Nao et al. (2019),N,AAATTTTGGGGACCAGGAAC,TGGCAGCTGTGTAGGTCAAC,ATGTCGCGCATTGGCATGGA
13,Institute of Pasteur (2020),RdRP,ATGAGCTTAGTCCTGTTG,CTCCCTTTGTTGTGTTGT,AGATGTCTTGTGCTGCCGGTA
14,,RdRP,GGTAACTGGTATGATTTCG,CTGGTCAAGGTTAATATAGG,TCATACAAACCACGCCAGG
15,,E,ACAGGTACGTTAATAGTTAATAGCGT,ATATTGCAGCAGTACGCACACA,ACACTAGCCATCCTTACTGCGCTTCG
16,China CDC (2020),ORF1ab,CCCTGTGGGTTTTACACTTAA ACG,ACGATTGTGCATCAGCTGACCG,CCGTCTGCGGTATGTGGAAAGGTTATGG
17,,N,GGGGAACTTCTCCTGCTA GAA T,CAGACATTTTGCTCTCAA GCT G,TTGCTGCTGCTTGACAGATT
18,Thailand Ministry of Public Health,N,CGTTTGGTGGACCCTCAGAT,CCCCACTGCGTTCTCCATT,CAACTGGCAGTAACCA
19,(2020),,,,
